feature,stability_rho
intensity_outer_H0_betti_s0,1.0
intensity_outer_H0_n_bars,1.0
intensity_outer_H0_betti_s3,1.0
intensity_outer_H0_pers_min,1.0
intensity_outer_H0_betti_s4,1.0
intensity_outer_H0_death_min,1.0
gabor_outer_H0_death_mean,0.8759283992044354
gabor_outer_H0_amp,0.8759283992044354
gabor_outer_H0_pers_mean,0.8759283992044354
gabor_inner_H0_amp,0.8551546756590711
gabor_inner_H0_pers_sum,0.8551546756590711
gabor_inner_H0_death_mean,0.8551546756590711
gabor_inner_H0_pers_mean,0.8551546756590711
gabor_outer_H0_pers_std,0.8520699118879098
gabor_outer_H0_death_std,0.8520699118879098
gabor_outer_H0_entropy,0.8494254380604229
gabor_outer_H0_pers_sum,0.8361946243847154
intensity_outer_H0_pers_std,0.8355643586182866
intensity_outer_H0_death_std,0.8355643586182866
gabor_outer_H0_betti_s1,0.8332859592180385
intensity_outer_H0_entropy,0.8314856457262072
gabor_outer_H0_pers_max,0.8288393737136646
gabor_outer_H0_landscape_area,0.8288393737136646
gabor_outer_H0_death_max,0.8288393737136646
intensity_outer_H0_amp,0.8239842273767991
intensity_outer_H0_death_mean,0.8239842273767991
intensity_outer_H0_pers_mean,0.8239842273767991
intensity_outer_H0_pers_sum,0.8239842273767991
gabor_inner_H1_birth_mean,0.8205380059778441
intensity_outer_H0_landscape_area,0.8170351626518214
intensity_outer_H0_pers_max,0.8170351626518214
intensity_outer_H0_death_max,0.8170351626518214
gabor_inner_H1_death_mean,0.8149988333203702
gabor_inner_H1_death_std,0.8139250436115957
gabor_inner_H0_death_std,0.8053590379180973
gabor_inner_H0_pers_std,0.8053590379180973
gabor_inner_H0_entropy,0.8024314495084939
gabor_inner_H0_landscape_area,0.7831630302914097
gabor_inner_H0_pers_max,0.7831581667779327
gabor_inner_H0_death_max,0.7831581667779327
gabor_middle_H0_pers_mean,0.7808188979877553
gabor_middle_H0_pers_sum,0.7808188979877553
gabor_middle_H0_death_mean,0.7808188979877553
gabor_middle_H0_amp,0.7808188979877553
intensity_inner_H0_pers_mean,0.7766987162855985
intensity_inner_H0_amp,0.7766987162855985
intensity_inner_H0_pers_sum,0.7766987162855985
intensity_inner_H0_death_mean,0.7766987162855985
gabor_middle_H0_pers_std,0.773503261147346
gabor_middle_H0_death_std,0.773503261147346
gabor_middle_H0_entropy,0.7732352581695352
intensity_outer_H0_betti_s1,0.7670134707853016
gabor_inner_H1_birth_std,0.758015089056545
gabor_middle_H0_landscape_area,0.7491851526917117
gabor_middle_H0_death_max,0.7491851526917117
gabor_middle_H0_pers_max,0.7491851526917117
gradient_inner_H1_death_max,0.7476347820818837
intensity_middle_H0_pers_std,0.7460728170393958
intensity_middle_H0_death_std,0.7460728170393958
gabor_inner_H1_death_max,0.7448926050172394
intensity_middle_H1_betti_s1,0.7413571269033498
intensity_middle_H0_amp,0.7347360231487088
intensity_middle_H0_death_mean,0.7347360231487088
intensity_middle_H0_pers_mean,0.7347360231487088
intensity_middle_H0_pers_sum,0.7347360231487088
intensity_middle_H0_entropy,0.7277517225471131
gradient_inner_H0_pers_sum,0.7160368448538317
gradient_inner_H0_death_mean,0.7160368448538317
gradient_inner_H0_amp,0.7160368448538317
gradient_inner_H0_pers_mean,0.7160368448538317
intensity_middle_H0_pers_max,0.7159121845429569
intensity_middle_H0_death_max,0.7159121845429569
intensity_middle_H0_landscape_area,0.7159121845429569
gabor_inner_H1_entropy,0.7123363592928811
gabor_middle_H0_betti_s1,0.7120456590190192
gabor_inner_H1_pers_sum,0.7078198646651629
gabor_middle_H1_betti_s2,0.7059233380455163
intensity_middle_H0_betti_s0,0.7059233380455162
intensity_middle_H0_death_min,0.7059233380455162
intensity_middle_H0_n_bars,0.7059233380455162
gabor_outer_H1_betti_s3,0.7059233380455162
intensity_middle_H0_betti_s2,0.7059233380455162
intensity_middle_H0_betti_s3,0.7059233380455162
intensity_middle_H0_pers_min,0.7059233380455162
intensity_middle_H0_betti_s4,0.7059233380455162
gradient_outer_H0_betti_s2,0.7059233380455162
gradient_inner_H0_pers_max,0.6919502491393206
gradient_inner_H0_landscape_area,0.6919502491393206
gradient_inner_H0_death_max,0.6919502491393206
intensity_middle_H1_entropy,0.6837281173933215
gabor_inner_H1_birth_max,0.6805974814386644
intensity_inner_H0_pers_max,0.6804395449645536
intensity_inner_H0_death_max,0.6804395449645536
intensity_inner_H0_landscape_area,0.6803426162970806
intensity_middle_H1_death_mean,0.680147632767883
gradient_outer_H1_pers_std,0.6789230991455459
gabor_inner_H1_n_bars,0.6778201893954163
intensity_middle_H1_death_std,0.6767058163652767
gradient_outer_H1_pers_max,0.6765635272693901
gradient_outer_H1_landscape_area,0.6750094001173959
intensity_middle_H1_birth_mean,0.6685919475318597
gradient_inner_H1_pers_std,0.6672167468527428
gabor_outer_H1_betti_s2,0.6659027536546025
intensity_inner_H1_death_mean,0.6653332442953012
gabor_outer_H1_death_std,0.6625700285558729
gradient_inner_H1_death_std,0.6590611006788964
gabor_middle_H1_betti_s1,0.6554035863542059
gabor_outer_H0_betti_s2,0.6525073729536724
gabor_middle_H1_death_std,0.6519307992311024
intensity_inner_H1_pers_sum,0.6514881276458626
intensity_outer_H1_birth_std,0.6512369362408329
intensity_inner_H1_birth_mean,0.6488654318381315
intensity_outer_H1_death_std,0.6478120085360967
gradient_inner_H0_death_std,0.6476174179713108
gradient_inner_H0_pers_std,0.6476174179713108
gabor_outer_H1_birth_std,0.6433578150868342
intensity_outer_H1_death_max,0.6429301114183653
gradient_outer_H1_pers_sum,0.6409320103556706
gradient_inner_H1_landscape_area,0.6391517871212862
intensity_middle_H1_death_max,0.6385902691925378
gradient_outer_H1_amp,0.6385257613973488
gradient_outer_H1_pers_mean,0.6385257613973488
gabor_outer_H1_death_max,0.6375416010763956
intensity_outer_H0_betti_s2,0.6368341987383199
intensity_middle_H1_birth_std,0.6348173462835567
gabor_middle_H1_death_max,0.6291441618563131
gradient_outer_H0_amp,0.6275700841120456
gradient_outer_H0_pers_mean,0.6275700841120456
gradient_outer_H0_pers_sum,0.6275700841120456
gradient_outer_H0_death_mean,0.6275700841120456
gradient_inner_H1_pers_max,0.6270704649090394
gradient_inner_H1_death_mean,0.6252945032722586
gradient_inner_H0_entropy,0.6251620573561927
gabor_middle_H1_entropy,0.6246482738697096
gabor_middle_H1_birth_std,0.6203415593506594
intensity_inner_H1_death_std,0.6194471737960654
gabor_middle_H1_birth_mean,0.6130677007522306
gabor_middle_H1_death_mean,0.6129961444016044
intensity_middle_H1_birth_max,0.6107882508798883
gabor_inner_H1_landscape_area,0.6100605550059479
intensity_outer_H1_birth_max,0.6053288444984357
intensity_inner_H0_pers_std,0.6023512041635171
intensity_inner_H0_death_std,0.6023512041635171
gabor_middle_H1_birth_max,0.5996217422950496
intensity_middle_H0_betti_s1,0.5989062387758889
gradient_middle_H0_pers_sum,0.5925630284780942
gradient_middle_H0_death_mean,0.5925630284780942
gradient_middle_H0_amp,0.5925630284780942
gradient_middle_H0_pers_mean,0.5925630284780942
gradient_outer_H1_entropy,0.5901745574950832
gabor_outer_H1_birth_max,0.5875427204514541
intensity_inner_H1_entropy,0.586696296625518
gradient_middle_H1_betti_s1,0.5851542418121608
intensity_outer_H1_death_mean,0.5822734879884195
gradient_inner_H1_birth_max,0.5781391793302811
gradient_inner_H1_birth_mean,0.5767988533205924
gabor_outer_H1_birth_mean,0.5739352659473994
intensity_middle_H1_n_bars,0.5713022413175884
gabor_outer_H1_death_mean,0.5712356803964488
gradient_outer_H1_betti_s2,0.5699558051230288
gabor_outer_H1_entropy,0.5677458638429316
intensity_outer_H1_birth_mean,0.566900424871482
intensity_inner_H1_n_bars,0.5633618840426748
gabor_outer_H1_pers_sum,0.5606244513827932
gradient_inner_H1_entropy,0.5599679996444404
intensity_middle_H1_pers_max,0.5578309919904413
gabor_middle_H1_pers_sum,0.5569764108490093
intensity_inner_H1_landscape_area,0.5558274643594896
intensity_outer_H1_pers_sum,0.5532256032235032
lbp_inner_H0_amp,0.5506518961321792
lbp_inner_H0_death_mean,0.5506518961321792
lbp_inner_H0_pers_sum,0.5506518961321792
lbp_inner_H0_pers_mean,0.5506518961321792
gabor_middle_H1_n_bars,0.5498257382471045
intensity_outer_H1_pers_max,0.5467494399717873
intensity_outer_H1_pers_std,0.5462921913115015
intensity_middle_H1_pers_sum,0.5452556745359065
intensity_outer_H1_betti_s2,0.5418098510882016
gradient_inner_H1_birth_std,0.5415349059433994
intensity_inner_H0_entropy,0.5411660730859347
gradient_middle_H1_pers_max,0.5397171097815195
gabor_inner_H1_pers_std,0.5355241724908054
gradient_middle_H1_landscape_area,0.5353610595673285
intensity_middle_H1_pers_std,0.5346542222307193
gradient_outer_H0_landscape_area,0.5323390520513949
gradient_outer_H0_death_max,0.5323390520513949
gradient_outer_H0_pers_max,0.5323390520513949
gradient_middle_H1_pers_std,0.531425460282892
intensity_middle_H1_landscape_area,0.5294972072110623
gradient_outer_H0_death_std,0.5285240947121634
gradient_outer_H0_pers_std,0.5285240947121634
intensity_inner_H1_birth_std,0.5263471816353515
gabor_inner_H1_pers_max,0.5129295589594401
intensity_inner_H1_death_max,0.5101155300853031
gradient_outer_H0_entropy,0.5098856653962821
gradient_outer_H1_betti_s1,0.5065663968439024
intensity_outer_H1_landscape_area,0.506331838750123
intensity_outer_H1_entropy,0.49733519202106513
gradient_middle_H1_death_max,0.4937890975852413
gradient_inner_H1_pers_sum,0.49103656707296744
gradient_inner_H1_pers_mean,0.47513639040433775
gradient_inner_H1_amp,0.47513639040433775
gabor_outer_H1_pers_std,0.4720430227002522
gabor_outer_H1_pers_max,0.46809628324098346
gradient_outer_H1_birth_max,0.4676215002124062
lbp_outer_H0_pers_sum,0.46505744120017634
lbp_outer_H0_pers_mean,0.46505744120017634
lbp_outer_H0_death_mean,0.46505744120017634
lbp_outer_H0_amp,0.46505744120017634
gabor_outer_H1_n_bars,0.46285050473013684
intensity_outer_H1_amp,0.4613481175008872
intensity_outer_H1_pers_mean,0.4613481175008872
lbp_inner_H1_death_std,0.4531268125201391
intensity_inner_H1_pers_std,0.4513507927865865
lbp_inner_H1_birth_std,0.44866765186279844
intensity_inner_H1_birth_max,0.44507610031957295
gabor_middle_H1_pers_std,0.44200002222246915
gradient_middle_H1_death_mean,0.4409640107112301
gradient_middle_H1_pers_mean,0.43791419904665607
gradient_middle_H1_amp,0.43791419904665607
intensity_inner_H1_pers_max,0.4375844481059863
gradient_inner_H1_n_bars,0.4360081871159592
gradient_middle_H0_pers_std,0.43381059789553217
gradient_middle_H0_death_std,0.43381059789553217
gabor_middle_H1_landscape_area,0.43037718685167775
gradient_middle_H1_death_std,0.4278496427738086
lbp_outer_H1_pers_max,0.4231078038100535
gradient_outer_H1_birth_std,0.42305314503494473
gabor_outer_H1_landscape_area,0.42277479639819027
lbp_outer_H1_landscape_area,0.4224725188582698
intensity_middle_H1_amp,0.421243838403078
intensity_middle_H1_pers_mean,0.421243838403078
gabor_middle_H1_pers_max,0.4185799776732681
gradient_middle_H1_entropy,0.41822242469360765
gradient_middle_H1_birth_std,0.41603484483160924
gradient_middle_H1_pers_sum,0.40688407648973873
lbp_outer_H1_birth_max,0.4056502826253004
gabor_middle_H1_amp,0.401949799442216
gabor_middle_H1_pers_mean,0.401949799442216
lbp_outer_H1_birth_std,0.39026704633018905
gradient_middle_H1_birth_max,0.3717389688240037
lbp_inner_H0_pers_max,0.36502775718046454
lbp_inner_H0_death_max,0.36502775718046454
lbp_inner_H0_landscape_area,0.36502775718046454
lbp_middle_H0_pers_mean,0.36488209478795486
lbp_middle_H0_pers_sum,0.36488209478795486
lbp_middle_H0_death_mean,0.36488209478795486
lbp_middle_H0_amp,0.36488209478795486
gabor_outer_H1_amp,0.36424315825731396
gabor_outer_H1_pers_mean,0.36424315825731396
lbp_inner_H0_entropy,0.363680485338726
gradient_middle_H1_birth_mean,0.36249291658796207
gradient_outer_H0_betti_s1,0.3624304339071788
lbp_inner_H0_death_std,0.3617004633384815
lbp_inner_H0_pers_std,0.3617004633384815
lbp_outer_H1_betti_s1,0.35986486722179106
gradient_outer_H1_death_mean,0.3596364404048934
gradient_middle_H0_entropy,0.3582990922121357
lbp_outer_H1_pers_std,0.34198850453766416
lbp_outer_H0_entropy,0.3400175935307739
intensity_outer_H1_n_bars,0.33195186833356743
lbp_inner_H1_death_mean,0.3300841120456894
gabor_inner_H1_pers_mean,0.32820498005533394
gabor_inner_H1_amp,0.32820498005533394
lbp_outer_H1_pers_sum,0.3264376633560019
lbp_inner_H1_death_max,0.3167041243029476
gradient_outer_H1_death_std,0.3157217302414471
gradient_outer_H1_n_bars,0.3156406053047494
gabor_outer_H1_pers_min,0.305860634829147
lbp_inner_H1_birth_max,0.3040635729487047
lbp_outer_H0_death_std,0.2981433458308828
lbp_outer_H0_pers_std,0.2981433458308828
gradient_middle_H0_death_max,0.2878428312520688
gradient_middle_H0_landscape_area,0.2878428312520688
gradient_middle_H0_pers_max,0.2878428312520688
lbp_inner_H1_birth_mean,0.2878405315614618
lbp_outer_H0_death_max,0.2875855082704779
lbp_outer_H0_pers_max,0.2875855082704779
lbp_outer_H0_landscape_area,0.2875855082704779
gradient_outer_H1_death_max,0.2797886545193285
lbp_middle_H1_death_max,0.26483788220716736
gradient_middle_H1_n_bars,0.2607431933652961
gabor_inner_H1_pers_min,0.25676713863104844
lbp_inner_H1_pers_mean,0.24247513861265127
lbp_inner_H1_amp,0.24247513861265127
gabor_middle_H1_pers_min,0.23558066589245905
lbp_middle_H1_birth_max,0.23345936381621785
lbp_middle_H1_birth_std,0.23204682630327436
lbp_outer_H1_birth_mean,0.23119303894410514
intensity_inner_H1_amp,0.2302230024778053
intensity_inner_H1_pers_mean,0.2302230024778053
intensity_outer_H1_birth_min,0.21980503233933701
gradient_outer_H1_birth_mean,0.21812686807631196
lbp_middle_H1_entropy,0.21429884935375518
intensity_outer_H1_death_min,0.21006036525253324
lbp_outer_H1_entropy,0.20532541531855095
lbp_outer_H1_pers_mean,0.2034698389393049
lbp_outer_H1_amp,0.2034698389393049
lbp_middle_H0_landscape_area,0.19776203403220374
lbp_middle_H0_death_max,0.19776203403220374
lbp_middle_H0_pers_max,0.19776203403220374
lbp_outer_H1_birth_min,0.19724087880765587
lbp_middle_H0_entropy,0.19654287231445716
lbp_middle_H1_death_std,0.18450740391642287
intensity_inner_H1_pers_min,0.17945728542689857
lbp_inner_H1_pers_std,0.1672107467860754
lbp_outer_H1_death_max,0.16717203699167735
lbp_outer_H1_death_min,0.16093202794714506
lbp_inner_H1_entropy,0.15308792319914663
lbp_middle_H1_pers_sum,0.15221570819850405
lbp_middle_H1_landscape_area,0.1507619141059259
lbp_middle_H1_pers_max,0.14900325160482336
lbp_inner_H1_pers_sum,0.14677229746997186
lbp_middle_H0_pers_std,0.141505143557723
lbp_middle_H0_death_std,0.141505143557723
intensity_outer_H1_pers_min,0.12833687094966764
lbp_middle_H1_birth_mean,0.12588296824219994
lbp_outer_H1_death_mean,0.12408583696328224
intensity_middle_H1_pers_min,0.11205813666527613
gradient_outer_H1_birth_min,0.11110153552442215
lbp_middle_H1_pers_std,0.10531362629736242
gradient_outer_H1_death_min,0.10242908685462375
lbp_inner_H1_n_bars,0.09841508511374365
lbp_inner_H1_birth_min,0.09746895521848808
lbp_inner_H1_death_min,0.09705478429135973
gradient_inner_H1_pers_min,0.09306427900518184
gradient_middle_H1_death_min,0.09027179668993261
lbp_inner_H1_landscape_area,0.08867037604218485
gradient_outer_H1_pers_min,0.08286756334854248
gradient_middle_H1_birth_min,0.07643787343789858
lbp_middle_H1_n_bars,0.06680691328806096
lbp_outer_H1_death_std,0.06656785815040854
gradient_middle_H1_pers_min,0.06156953267164335
lbp_inner_H1_pers_max,0.058003588480613384
lbp_middle_H1_birth_min,0.05174693946859238
lbp_outer_H1_n_bars,0.04549292123726526
lbp_middle_H1_death_min,0.03629896809554372
lbp_middle_H1_death_mean,0.028189649683846622
intensity_middle_H1_death_min,0.008549435531801243
lbp_outer_H1_pers_min,0.0062816344882002054
gabor_middle_H0_n_bars,0.0
gradient_inner_H1_birth_min,0.0
gradient_middle_H1_betti_s4,0.0
intensity_middle_H0_birth_min,0.0
gradient_middle_H1_betti_s3,0.0
gradient_middle_H1_betti_s2,0.0
gradient_inner_H1_death_min,0.0
gradient_outer_H0_pers_min,0.0
intensity_middle_H0_birth_std,0.0
intensity_middle_H0_birth_max,0.0
gabor_middle_H0_betti_s3,0.0
intensity_middle_H0_birth_mean,0.0
gradient_middle_H1_betti_s0,0.0
intensity_inner_H1_betti_s4,0.0
intensity_inner_H1_betti_s3,0.0
intensity_inner_H1_betti_s2,0.0
gabor_middle_H1_betti_s0,0.0
intensity_inner_H1_betti_s1,0.0
gabor_middle_H0_betti_s4,0.0
intensity_outer_H0_birth_max,0.0
gabor_middle_H0_betti_s2,0.0
intensity_middle_H1_betti_s3,0.0
gabor_inner_H1_betti_s1,0.0
gabor_inner_H1_betti_s2,0.0
gabor_inner_H1_betti_s3,0.0
gabor_inner_H1_betti_s4,0.0
intensity_outer_H0_birth_mean,0.0
gradient_outer_H0_death_min,0.0
gradient_outer_H0_birth_min,0.0
gradient_outer_H0_birth_max,0.0
intensity_middle_H1_betti_s4,0.0
gabor_middle_H0_pers_min,0.0
intensity_inner_H1_betti_s0,0.0
intensity_middle_H1_betti_s2,0.0
intensity_middle_H1_betti_s0,0.0
gabor_middle_H0_birth_mean,0.0
gabor_middle_H0_birth_std,0.0
gabor_middle_H0_birth_max,0.0
gabor_middle_H0_birth_min,0.0
gradient_outer_H0_birth_std,0.0
gabor_middle_H0_death_min,0.0
gabor_middle_H0_betti_s0,0.0
gradient_outer_H0_birth_mean,0.0
gradient_inner_H1_betti_s0,0.0
gabor_middle_H1_betti_s3,0.0
intensity_inner_H0_birth_min,0.0
intensity_inner_H0_betti_s3,0.0
gradient_middle_H0_birth_min,0.0
gradient_middle_H0_birth_max,0.0
gradient_middle_H0_birth_std,0.0
gradient_middle_H0_birth_mean,0.0
intensity_inner_H0_betti_s2,0.0
intensity_inner_H0_betti_s1,0.0
intensity_inner_H0_betti_s0,0.0
intensity_inner_H0_death_min,0.0
intensity_inner_H0_birth_max,0.0
gabor_middle_H1_betti_s4,0.0
intensity_inner_H0_birth_std,0.0
intensity_inner_H0_birth_mean,0.0
gabor_outer_H1_betti_s0,0.0
gabor_outer_H1_betti_s1,0.0
gradient_inner_H1_betti_s2,0.0
intensity_inner_H0_pers_min,0.0
gabor_outer_H1_betti_s4,0.0
gradient_middle_H0_pers_min,0.0
gradient_inner_H1_betti_s3,0.0
gabor_outer_H0_n_bars,0.0
intensity_inner_H0_betti_s4,0.0
gabor_outer_H0_betti_s4,0.0
gabor_outer_H0_betti_s3,0.0
gabor_inner_H1_death_min,0.0
gradient_middle_H0_n_bars,0.0
intensity_inner_H1_death_min,0.0
gradient_middle_H0_betti_s4,0.0
intensity_inner_H1_birth_min,0.0
gabor_outer_H0_pers_min,0.0
gradient_middle_H0_betti_s3,0.0
gradient_middle_H0_betti_s2,0.0
gabor_outer_H0_birth_mean,0.0
gabor_outer_H0_birth_std,0.0
gabor_outer_H0_birth_max,0.0
gabor_outer_H0_birth_min,0.0
gradient_middle_H0_betti_s1,0.0
gradient_middle_H0_betti_s0,0.0
gradient_middle_H0_death_min,0.0
gabor_outer_H0_death_min,0.0
gabor_outer_H0_betti_s0,0.0
gradient_inner_H1_betti_s1,0.0
intensity_inner_H0_n_bars,0.0
gabor_inner_H1_betti_s0,0.0
gradient_inner_H1_betti_s4,0.0
intensity_outer_H0_birth_std,0.0
lbp_outer_H0_n_bars,0.0
lbp_outer_H0_birth_min,0.0
lbp_inner_H1_betti_s1,0.0
lbp_inner_H1_betti_s0,0.0
lbp_outer_H0_death_min,0.0
lbp_outer_H0_betti_s0,0.0
lbp_outer_H0_betti_s1,0.0
lbp_outer_H0_betti_s2,0.0
lbp_outer_H0_betti_s3,0.0
lbp_outer_H0_betti_s4,0.0
gradient_inner_H0_pers_min,0.0
lbp_inner_H0_birth_std,0.0
lbp_inner_H0_n_bars,0.0
lbp_inner_H0_betti_s4,0.0
lbp_inner_H0_betti_s3,0.0
lbp_inner_H0_betti_s2,0.0
lbp_inner_H0_betti_s1,0.0
lbp_inner_H0_betti_s0,0.0
lbp_inner_H0_death_min,0.0
gradient_inner_H0_birth_mean,0.0
lbp_middle_H0_n_bars,0.0
lbp_outer_H0_birth_max,0.0
lbp_outer_H0_birth_std,0.0
lbp_outer_H0_birth_mean,0.0
lbp_inner_H1_betti_s2,0.0
lbp_middle_H0_betti_s4,0.0
lbp_middle_H0_betti_s3,0.0
lbp_middle_H0_betti_s2,0.0
lbp_middle_H0_betti_s1,0.0
lbp_middle_H0_betti_s0,0.0
lbp_middle_H0_death_min,0.0
lbp_middle_H0_birth_min,0.0
lbp_middle_H1_betti_s0,0.0
lbp_middle_H1_betti_s1,0.0
lbp_middle_H1_betti_s2,0.0
lbp_middle_H1_betti_s3,0.0
lbp_middle_H1_betti_s4,0.0
lbp_middle_H0_birth_max,0.0
lbp_middle_H0_birth_std,0.0
lbp_middle_H0_birth_mean,0.0
lbp_middle_H0_pers_min,0.0
lbp_inner_H1_betti_s4,0.0
lbp_outer_H0_pers_min,0.0
lbp_inner_H1_betti_s3,0.0
lbp_inner_H0_birth_max,0.0
lbp_inner_H0_birth_min,0.0
lbp_inner_H0_birth_mean,0.0
intensity_outer_H1_betti_s1,0.0
gabor_inner_H0_death_min,0.0
gabor_inner_H0_betti_s1,0.0
gabor_inner_H0_betti_s2,0.0
gabor_inner_H0_betti_s3,0.0
gabor_inner_H0_betti_s4,0.0
gradient_inner_H0_betti_s0,0.0
gabor_inner_H0_n_bars,0.0
gradient_outer_H1_betti_s0,0.0
gradient_inner_H0_betti_s1,0.0
gradient_inner_H0_betti_s2,0.0
gradient_inner_H0_betti_s3,0.0
gradient_inner_H0_betti_s4,0.0
gradient_inner_H0_n_bars,0.0
gradient_outer_H0_n_bars,0.0
gradient_outer_H0_betti_s4,0.0
gradient_outer_H0_betti_s3,0.0
gradient_outer_H0_betti_s0,0.0
gabor_inner_H1_birth_min,0.0
intensity_outer_H0_birth_min,0.0
intensity_outer_H1_betti_s0,0.0
gabor_inner_H0_betti_s0,0.0
gradient_outer_H1_betti_s3,0.0
gradient_outer_H1_betti_s4,0.0
lbp_outer_H1_betti_s0,0.0
gradient_inner_H0_birth_std,0.0
lbp_outer_H1_betti_s2,0.0
lbp_outer_H1_betti_s3,0.0
lbp_outer_H1_betti_s4,0.0
lbp_inner_H0_pers_min,0.0
gradient_inner_H0_birth_max,0.0
gradient_inner_H0_birth_min,0.0
gabor_inner_H0_birth_min,0.0
gradient_inner_H0_death_min,0.0
gabor_inner_H0_pers_min,0.0
intensity_outer_H1_betti_s4,0.0
intensity_outer_H1_betti_s3,0.0
gabor_inner_H0_birth_mean,0.0
gabor_inner_H0_birth_std,0.0
gabor_inner_H0_birth_max,0.0
intensity_middle_H1_birth_min,-0.005112926750632718
lbp_inner_H1_pers_min,-0.017214947513487403
lbp_middle_H1_pers_min,-0.022135067558094676
lbp_middle_H1_amp,-0.027304084190278306
lbp_middle_H1_pers_mean,-0.027304084190278306
gabor_middle_H1_birth_min,-0.028678449779095793
gabor_middle_H1_death_min,-0.033410045481719455
gabor_outer_H1_birth_min,-0.04107315084504505
gabor_outer_H1_death_min,-0.04107697432350679
